feature,coefficient,abscoef
goals_against,0.7797098917466392,0.7797098917466392
goals_for,0.5255804744252405,0.5255804744252405
win_rate,0.43355827968733524,0.43355827968733524
avg_goal_diff_per_match,0.3970443781061263,0.3970443781061263
draws,-0.14944778169908998,0.14944778169908998
losses,0.11630715893545361,0.11630715893545361
matches_played,-0.08662147843256733,0.08662147843256733
wins,-0.07969235204727625,0.07969235204727625
goal_diff,-0.07649365966183867,0.07649365966183867
